Data de Referência ; Risco de Crédito ; Emissor ; Série ; Emissão ; Código ; Vencimento ; Índice / Correção ; Taxa Compra ; Taxa Venda ; Taxa Indicativa ; Desvio Padrão ; PU ; % PU Par / % VNE ; Duration ; Referência NTNB ; % Reune 
13/05/2026;RAÍZEN ENERGIA S.A.;OPEA SECURITIZADORA S/A;1ª;6ª;CRA019003V2;16/07/2029;100% do DI;;;;;421,21528546;41,27;;;
13/05/2026;SÃO MARTINHO S.A.;RIZA SECURITIZADORA S.A.;3ª;198ª;CRA024004H7;12/04/2029;100% do DI;;98,2133;101,4266;3,86;1006,20891246;99,54;619,72;;
13/05/2026;Marfrig Global Foods S.A;ECO SECURITIZADORA DE DIREITOS CREDITÓRIOS DO AGRONEGÓCIO S.A.;1ª;387ª;CRA0250018H;15/04/2030;100% do DI;107,27;103,235;104,7468;0,42;990,28960395;98,07;782,81;;
13/05/2026;CYRELA BRAZIL REALTY S.A.;COMPANHIA PROVÍNCIA DE SECURITIZAÇÃO;3ª;57ª;24D2765715;15/04/2031;101% do DI;103,3766;98,91;100,965;0,41;1010,04166293;100,02;855,02;;
13/05/2026;ENGELHART CTP ;OPEA SECURITIZADORA S/A;1ª;87ª;CRA023007VD;05/07/2028;101% do DI;98,2333;94,498;97,5693;0,23;1057,93279101;100,83;462,47;;
13/05/2026;CURY CONSTRUTORA E INCORPORADORA S.A.;TRUE SECURITIZADORA S/A;1ª;309ª;24D3313768;31/05/2027;102% do DI;102,4566;97,99;101,7;0,25;1064,43196049;100,04;236,97;;
13/05/2026;MRV;VERT COMPANHIA SECURITIZADORA;1ª;157ª;25G5109813;15/07/2030;102% do DI;;;;;;;;;
13/05/2026;ENGELHART CTP ;OPEA SECURITIZADORA S/A;1ª;83ª;CRA023003UX;15/03/2027;102% do DI;96,725;95,325;96,3191;0,26;1027,9298102;100,6;200,95;;
13/05/2026;BRF S.A;ECO SECURITIZADORA DE DIREITOS CREDITÓRIOS DO AGRONEGÓCIO S.A.;1ª;403ª;CRA02500669;16/07/2029;102% do DI;;100,4533;109,1732;4,28;1081,50889031;97,07;794;;35%
13/05/2026;Cocal Comercio Industria Canaa Acucar e Alcool S.A.;VERT COMPANHIA SECURITIZADORA;1ª;106ª;CRA025008HM;15/09/2031;102% do DI;;105,0;107,7438;3,02;994,55462341;97,33;896,64;;
13/05/2026;IGUATEMI EMPRESA DE SHOPPING CENTERS S.A.;OPEA SECURITIZADORA S/A;2ª;298ª;24F1126524;15/06/2032;103% do DI;;100,6;103,0688;1,26;1057,66989225;99,97;958,54;;
13/05/2026;DIRECIONAL ENGENHARIA S.A.;OPEA SECURITIZADORA S/A;1ª;331ª;24F1277566;16/07/2029;103% do DI;102,295;99,9333;100,6258;0,76;1053,8242224;100,8;640,77;;
13/05/2026;ENGELHART CTP ;VERT COMPANHIA SECURITIZADORA;1ª;83ª;CRA02300209;15/01/2027;103% do DI;;;98,1833;2,02;1049,77719463;100,41;161,67;;
13/05/2026;MOURA DUBEUX ENGENHARIA S.A.;VERT COMPANHIA SECURITIZADORA;1ª;158ª;25G5313879;15/07/2030;103,75% do DI;;;106,7811;2,25;997,52421874;98,75;790,5;;
13/05/2026;BANCO BTG PACTUAL S.A.;OPEA SECURITIZADORA S/A;1ª;63ª;22J0346710;15/01/2027;104% do DI;96,7733;;95,6294;3,96;1053,43223537;100,72;161,61;;
13/05/2026;CAMIL ALIMENTOS S.A.;ECO SECURITIZADORA DE DIREITOS CREDITÓRIOS DO AGRONEGÓCIO S.A.;1ª;329ª;CRA0240066A;15/06/2029;104% do DI;106,106;99,71;103,5067;3,59;1060,28163557;100,16;617,49;;
13/05/2026;Boa Safra II;OPEA SECURITIZADORA S/A;1ª;189ª;CRA025006SR;16/02/2032;104% do DI;;105,5;105,5933;0,08;1001,80160519;99,17;992,53;;
13/05/2026;CEREAL COMÉRCIO EXPORTAÇÃO E REPRESENTAÇÃO AGROPECUÁRIA S.A.;ECO SECURITIZADORA DE DIREITOS CREDITÓRIOS DO AGRONEGÓCIO S.A.;1ª;406ª;CRA025007KD;16/09/2030;104% do DI;;107,0;107,2755;0,25;1007,80558675;98,59;829,28;;
13/05/2026;PACAEMBU;RIZA SECURITIZADORA S.A.;1ª;287ª;25F2573710;27/06/2030;104,5% do DI;;;;;;;;;
13/05/2026;MINERVA S.A.;RIZA SECURITIZADORA S.A.;1ª;264ª;CRA025002S1;15/04/2030;104,5% do DI;112,78;108,44;110,227;1,56;986,98936027;97,7;774,88;;
13/05/2026;MINERVA S.A.;RIZA SECURITIZADORA S.A.;1ª;272ª;CRA025005V5;15/07/2030;104,5% do DI;113,89;108,545;113,8784;3,8;1006,7020728;96,23;780,46;;
13/05/2026;IGUATEMI S.A.;OPEA SECURITIZADORA S/A;2ª;189ª;23J0019602;16/10/2028;105% do DI;;;;;;;;;
13/05/2026;ALLOS S.A.;OPEA SECURITIZADORA S/A;2ª;262ª;24D0006602;16/04/2029;105% do DI;103,144;98,58;99,5588;0,25;1028,15770354;101,77;618,37;;
13/05/2026;BANCO BTG PACTUAL S.A.;OPEA SECURITIZADORA S/A;1ª;124ª;CRA02300TSB;15/12/2033;105% do DI;;;100,1802;1,41;1090,69571016;102,98;1165,9;;
13/05/2026;MINERVA S.A.;RIZA SECURITIZADORA S.A.;1ª;232ª;CRA02400AYL;16/11/2029;105% do DI;110,566;106,706;109,6795;1,54;1053,42172576;98,37;671,62;;
13/05/2026;Neomille S.A.;ECO SECURITIZADORA DE DIREITOS CREDITÓRIOS DO AGRONEGÓCIO S.A.;3ª;411ª;CRA025008C3;15/12/2032;105% do DI;;107,0;107,8288;0,75;1043,48609701;98,52;1003,52;;
13/05/2026;MULTIPLAN EMPREENDIMENTOS IMOBILIÁRIOS S.A.;RIZA SECURITIZADORA S.A.;2ª;123ª;23K0018802;15/01/2031;106% do DI;103,1266;98,6266;100,8755;0,12;1066,91643302;101,91;709,09;;
13/05/2026;Lar Cooperativa Agroindustrial;ECO SECURITIZADORA DE DIREITOS CREDITÓRIOS DO AGRONEGÓCIO S.A.;1ª;378ª;CRA025006NA;15/08/2030;106% do DI;111,4733;107,84;109,0088;0,58;998,86752197;98,86;725,48;;
13/05/2026;DIRECIONAL ENGENHARIA S.A.;TRUE SECURITIZADORA S/A;2ª;241ª;23K0019201;16/11/2028;106,5% do DI;102,81;99,2766;102,0275;2,45;1084,85351568;101,21;514,2;;
13/05/2026;BTSA;RIZA SECURITIZADORA S.A.;2ª;495ª;25H0243072;16/08/2032;107% do DI;111,3066;107,2;109,4016;1,53;1000,10510883;98,98;817,12;;
13/05/2026;BANCO BTG PACTUAL S.A.;OPEA SECURITIZADORA S/A;1ª;218ª;CRA02300NRL;16/11/2033;107% do DI;;;99,1888;2,55;1123,26754596;104,76;1143,31;;
13/05/2026;BANCO ABC BRASIL S.A.;VERT COMPANHIA SECURITIZADORA;5ª;94ª;CRA024001E7;10/02/2034;107% do DI;;;102,65;1,75;1064,76489222;102,75;1195,66;;
13/05/2026;COOXUPÉ - COOPERATIVA REGIONAL DE ;VERT COMPANHIA SECURITIZADORA;2ª;101ª;CRA025003UZ;17/06/2030;107,5% do DI;;107,5;107,7322;0,45;1059,74157647;99,92;686,43;;
13/05/2026;BANCO BTG PACTUAL S.A.;OPEA SECURITIZADORA S/A;1ª;92ª;CRA02300CYQ;15/07/2033;109% do DI;100,5533;;99,8222;2,25;1106,40426031;105,56;1132,98;;
13/05/2026;BANCO BTG PACTUAL S.A.;OPEA SECURITIZADORA S/A;1ª;106ª;CRA02300HWH;15/09/2033;109% do DI;100,75;96,2833;98,5344;0,03;1090,98458002;106,62;1178,3;;
13/05/2026;MRV ENGENHARIA E PARTICIPAÇÕES S.A;OPEA SECURITIZADORA S/A;1ª;358ª;24I1980390;15/10/2029;110% do DI;126,6;109,9833;118,421;4,44;980,36514216;97;691,51;;
13/05/2026;IGUATEMI PPPH PARTICIPAÇÕES LTDA.;OPEA SECURITIZADORA S/A;1ª;416ª;25B3099731;18/02/2030;96% do DI;102,2566;96,9233;99,768;1,05;1015,12644053;98,53;750,94;;
13/05/2026;;COMPANHIA PROVINCIA DE SECURITIZACAO;1ª;102ª;25D0012202;15/04/2029;96% do DI;;;100,0477;0,57;996,13083503;98,69;625,09;;
13/05/2026;CYRELA BRAZIL REALTY S.A. EMPREENDIMENTOS E;COMPANHIA PROVINCIA DE SECURITIZACAO;1ª;127ª;25J4546988;16/11/2032;96,5% do DI;103,9533;98,4866;101,0508;0,75;1032,99037169;97,46;1073,25;;
13/05/2026;CYRELA BRAZIL REALTY S.A. EMPREENDIMENTOS E PARTICIPAÇÕES;COMPANHIA PROVINCIA DE SECURITIZACAO;2ª;102ª;25D0012203;15/04/2030;97% do DI;;;100,9544;0,4;993,14387588;98,38;788,18;;
13/05/2026;SÃO MARTINHO S.A.;VERT COMPANHIA SECURITIZADORA;1ª;104ª;CRA025003PD;15/06/2032;97% do DI;109,41;103,36;105,7316;0,21;1005,83124479;95,38;1025,52;;
13/05/2026;SOCIEDADE BENEFICENTE ISRAELITA BRASILEIRA HOSPITAL ALBERT EINSTEIN;RIZA SECURITIZADORA S.A.;1ª;186ª;24H1684874;17/08/2029;97,5% do DI;99,375;98,2666;98,6495;0,73;1027,29504078;99,77;385,42;;
13/05/2026;CYRELA BRAZIL REALTY S.A.;COMPANHIA PROVÍNCIA DE SECURITIZAÇÃO;1ª;57ª;24D2765586;15/04/2028;98% do DI;101,4175;97,2175;99,3835;0,93;671,44977979;99,76;330,85;;
13/05/2026;PLANO E PLANO II;RIZA SECURITIZADORA S.A.;1ª;291ª;25G3629974;15/07/2030;98% do DI;104,76;101,375;102,63;0,25;1023,25242798;98,08;796,9;;
13/05/2026;SÃO MARTINHO S.A.;RIZA SECURITIZADORA S.A.;1ª;198ª;CRA024004H5;12/04/2027;98% do DI;98,4;95,05;98,3903;2,78;1010,19218328;99,96;220,26;;
13/05/2026;MULTIPLAN EMPREENDIMENTOS IMOBILIÁRIOS S.A.;RIZA SECURITIZADORA S.A.;1ª;167ª;24E1393588;17/05/2029;99,5% do DI;102,51;98,0433;100,8308;1,25;1062,09978353;99,64;516,36;;
13/05/2026;MARFRIG GLOBAL FOODS S.A.;ECO SECURITIZADORA DE DIREITOS CREDITÓRIOS DO AGRONEGÓCIO S.A.;1ª;369ª;CRA024009Q2;15/10/2031;DI + 0,35%;1,9687;1,4249;1,6931;0,14;958,98553413;94,95;977,07;;
13/05/2026;CYRELA BRAZIL REALTY S.A.;OPEA SECURITIZADORA S/A;489ª;1ª;22D1289009;15/06/2027;DI + 0,4%;0,6199;0,2449;0,4353;0,13;1057,60802318;99,97;247,81;;
13/05/2026;MINERVA S.A.;RIZA SECURITIZADORA S.A.;3ª;232ª;CRA02400AYN;17/11/2031;DI + 0,4%;;1,1587;2,1928;0,39;1001,57779676;93,66;924,23;;
13/05/2026;BOA SAFRA SEMENTES S.A.;OPEA SECURITIZADORA S/A;2ª;162ª;CRA02500003;15/01/2030;DI + 0,4%;;0,8269;1,2105;0,05;1021,86669085;97,74;714,39;;
13/05/2026;MARFRIG GLOBAL FOODS S.A.;ECO SECURITIZADORA DE DIREITOS CREDITÓRIOS DO AGRONEGÓCIO S.A.;3ª;387ª;CRA0250018J;16/04/2035;DI + 0,4%;;1,3149;1,8283;0,08;942,73492343;93,34;1216,37;;
13/05/2026;SLC AGRÍCOLA S.A.;OPEA SECURITIZADORA S/A;1ª;196ª;CRA025007PT;22/09/2033;DI + 0,4%;1,3662;0,85;1,1175;0,19;986,49536802;96,85;1126,94;;5%
13/05/2026;MINERVA S.A.;RIZA SECURITIZADORA S.A.;3ª;264ª;CRA025002S2;15/04/2032;DI + 0,5%;;;2,5258;0,66;930,73566603;92,14;1023,44;;
13/05/2026;ALLOS S.A.;OPEA SECURITIZADORA S/A;1ª;262ª;24D0006601;16/04/2029;DI + 0,55%;;;0,4325;0,07;1013,06819992;100,29;618,22;;
13/05/2026;MULTIPLAN EMPREENDIMENTOS IMOBILIÁRIOS S.A.;RIZA SECURITIZADORA S.A.;1ª;123ª;23K0018602;15/01/2031;DI + 0,6%;0,7799;0,3966;0,6645;0,03;1044,24355081;99,82;708,25;;
13/05/2026;RAIA DROGASIL S.A.;OPEA SECURITIZADORA S/A;2ª;208ª;23H1188857;15/09/2027;DI + 0,65%;0,5849;0,2182;0,5416;0;1023,79680334;100,14;312,26;;
13/05/2026;CAMIL ALIMENTOS S.A.;ECO SECURITIZADORA DE DIREITOS CREDITÓRIOS DO AGRONEGÓCIO S.A.;1ª;292ª;CRA02300RS5;16/11/2028;DI + 0,65%;1,8356;0,8062;1,4575;0,28;1053,3547893;98,38;513,52;;
13/05/2026;RAIA DROGASIL S.A.;OPEA SECURITIZADORA S/A;495ª;1ª;22C0023008;08/03/2027;DI + 0,7%;0,4799;0,1132;0,3933;0,22;513,94107129;100,24;195,67;;
13/05/2026;DIRECIONAL ENGENHARIA S.A.;OPEA SECURITIZADORA S/A;1ª;241ª;23K0018401;16/11/2028;DI + 0,7%;;0,0782;0,4064;0,31;1077,32693292;100,6;514,96;;
13/05/2026;IPIRANGA PRODUTOS DE PETRÓLEO S.A.;VERT COMPANHIA SECURITIZADORA;2ª;87ª;CRA02300EZ2;16/06/2027;DI + 0,7%;;;0,3333;0,08;1025,59274591;100,37;252,52;;
13/05/2026;IPIRANGA PRODUTOS DE PETRÓLEO S.A.;VERT COMPANHIA SECURITIZADORA;2ª;88ª;CRA02300GCY;16/07/2027;DI + 0,7%;0,4199;0,1866;0,2958;0,12;1014,10299672;100,44;274,49;;
13/05/2026;MINERVA S.A.;RIZA SECURITIZADORA S.A.;2ª;272ª;CRA025005V6;15/07/2033;DI + 0,7%;;1,5916;2,3395;1,13;977,20775408;93,39;1056,03;;
13/05/2026;HYPERA S.A.;OPEA SECURITIZADORA S/A;1ª;59ª;22E1325261;16/08/2027;DI + 0,75%;0,7466;0,3466;0,585;0,1;1035,27009125;100,19;291,39;;
13/05/2026;RAIA DROGASIL S.A.;OPEA SECURITIZADORA S/A;1ª;31ª;22F0230096;26/06/2029;DI + 0,75%;0,5549;0,2382;0,5272;0,07;1059,51880941;100,47;537,97;;
13/05/2026;BCBF PARTICIPAÇÕES S.A.;RIZA SECURITIZADORA S.A.;1ª;62ª;22K0934871;15/12/2027;DI + 0,75%;7,5299;5,9849;6,9332;1,3;975,56245158;92,08;347,39;;45%
13/05/2026;NATURA COSMÉTICOS S.A.;RIZA SECURITIZADORA S.A.;1ª;54ª;22I0970801;15/09/2027;DI + 0,8%;0,8024;0,4024;0,557;0,19;1025,68249427;100,3;312,05;;
13/05/2026;DIAGNÓSTICOS DA AMÉRICA S.A.;VERT COMPANHIA SECURITIZADORA;1ª;94ª;22J0305579;15/10/2027;DI + 0,8%;5,9671;3,6078;5,3859;0,47;952,71138845;94,3;332,27;;
13/05/2026;JBS S.A.;RIZA SECURITIZADORA S.A.;2ª;176ª;CRA02300JG2;15/09/2028;DI + 0,8%;1,1433;0,1766;0,6906;0,36;1024,9145195;100,22;509,64;;
13/05/2026;BANCO BTG PACTUAL S.A.;OPEA SECURITIZADORA S/A;2ª;218ª;CRA02300NRM;16/11/2033;DI + 0,8%;;;0,4655;0,01;1087,51452043;101,5;1134,71;;
13/05/2026;BRF S.A.;ECO SECURITIZADORA DE DIREITOS CREDITÓRIOS DO AGRONEGÓCIO S.A.;1ª;332ª;CRA0240066F;15/06/2029;DI + 0,8%;;1,3287;1,851;0,95;1033,20404567;97,51;612,13;;
13/05/2026;MERCADO ENVIOS SERVIÇOS DE LOGÍSTICA LTDA.;VERT COMPANHIA SECURITIZADORA;1ª;89ª;22H1422423;16/08/2027;DI + 0,88%;;;0,3922;0,02;1039,43843973;100,56;291,23;;
13/05/2026;EBAZAR.COM.BR. LTDA.;OPEA SECURITIZADORA S/A;1ª;52ª;22H1522146;16/08/2027;DI + 0,88%;;;0,4355;0,05;1038,92057109;100,51;291,23;;
13/05/2026;EVEN CONSTRUTORA E INCORPORADORA S.A.;OPEA SECURITIZADORA S/A;1ª;40ª;22E1315701;18/09/2028;DI + 0,9%;1,4466;1,0679;1,2942;0,21;1005,13440291;99,54;300,59;;
13/05/2026;YDUQS PARTICIPAÇÕES S.A.;OPEA SECURITIZADORA S/A;2ª;197ª;23J1142031;13/10/2028;DI + 0,9%;0,9199;0,5366;0,7781;0,02;1012,50834742;100,21;430,96;;
13/05/2026;SOROCABA REFRESCOS S.A.;ECO SECURITIZADORA DE DIREITOS CREDITÓRIOS DO AGRONEGÓCIO S.A.;1ª;193ª;CRA022008NC;15/08/2029;DI + 0,9%;2,0;0,8062;1,3753;0,33;1026,45057839;99,3;374,52;;
13/05/2026;VAMOS LOCAÇÃO DE CAMINHÕES, MÁQUINAS E EQUIPAMENTOS S.A.;ECO SECURITIZADORA DE DIREITOS CREDITÓRIOS DO AGRONEGÓCIO S.A.;1ª;233ª;CRA023000GP;17/01/2028;DI + 0,9%;;3,305;4,6836;1,61;991,71593784;94,71;370,84;;35%
13/05/2026;COOXUPÉ - COOPERATIVA REGIONAL DE CAFEICULTORES EM GUAXUPÉ LTDA.;VERT COMPANHIA SECURITIZADORA;1ª;96ª;CRA024007K9;16/07/2029;DI + 0,9%;2,1666;0,9499;1,5457;0,02;1032,58420361;98,62;549,43;;
13/05/2026;LOCALIZA RENT A CAR S.A.;RIZA SECURITIZADORA S.A.;1ª;22ª;22F0315398;07/06/2027;DI + 0,95%;0,5432;0,1766;0,4226;0,15;1069,32521428;100,5;241;;35%
13/05/2026;MARFRIG GLOBAL FOODS S.A.;ECO SECURITIZADORA DE DIREITOS CREDITÓRIOS DO AGRONEGÓCIO S.A.;1ª;318ª;CRA024002MJ;15/03/2029;DI + 0,95%;;1,2887;1,7023;0,15;1005,13266313;98,27;592,69;;
13/05/2026;REDE D'OR SÃO LUIZ S.A.;OPEA SECURITIZADORA S/A;2ª;83ª;22K1520003;17/12/2029;DI + 1%;;;;;;;;;
13/05/2026;ALIANSCE SONAE SHOPPING CENTERS S.A.;OPEA SECURITIZADORA S/A;1ª;134ª;23B0540453;17/03/2028;DI + 1%;;;0,4544;0,03;1031,50717746;100,9;414,81;;
13/05/2026;SENDAS DISTRIBUIDORA S.A.;OPEA SECURITIZADORA S/A;1ª;192ª;23F2454937;15/07/2026;DI + 1%;;;4,0516;0,55;1041,99924143;99,48;44;;
13/05/2026;REDE D'OR SÃO LUIZ S.A.;OPEA SECURITIZADORA S/A;1ª;176ª;23H0027402;15/08/2028;DI + 1%;0,3924;0,0299;0,2096;0,04;1049,68548702;101,53;488,06;;
13/05/2026;SÃO SALVADOR ALIMENTOS S.A.;ECO SECURITIZADORA DE DIREITOS CREDITÓRIOS DO AGRONEGÓCIO S.A.;1ª;173ª;CRA022006HJ;15/07/2027;DI + 1%;2,0;0,5487;1,2303;0,22;1044,8670095;99,76;268,79;;
13/05/2026;COMPANHIA DE LOCAÇÃO DAS AMÉRICAS;ECO SECURITIZADORA DE DIREITOS CREDITÓRIOS DO AGRONEGÓCIO S.A.;2ª;157ª;CRA022008C9;15/09/2028;DI + 1%;1,2079;0,5816;0,8236;0,16;1026,55106844;100,35;508,72;;
13/05/2026;JALLES MACHADO S.A.;ECO SECURITIZADORA DE DIREITOS CREDITÓRIOS DO AGRONEGÓCIO S.A.;1ª;200ª;CRA022008CB;09/08/2032;DI + 1%;1,7512;0,8174;1,228;0,19;992,91842245;99,12;985,34;;
13/05/2026;BANCO BTG PACTUAL S.A.;OPEA SECURITIZADORA S/A;2ª;92ª;CRA02300CYR;15/07/2033;DI + 1%;;;;;;;;;
13/05/2026;RAIA DROGASIL S.A.;OPEA SECURITIZADORA S/A;3ª;208ª;23H1191899;16/09/2030;DI + 1,1%;0,6999;0,3749;0,6458;0,07;1036,95084407;101,35;751,48;;
13/05/2026;MINERVA S.A.;RIZA SECURITIZADORA S.A.;1ª;197ª;CRA024002S1;15/03/2029;DI + 1,1%;;1,0899;1,9928;0,88;1002,19561253;97,96;591,38;;35%
13/05/2026;CEREAL COMÉRCIO EXPORTAÇÃO E REPRESENTAÇÃO AGROPECUÁRIA S.A.;RIZA SECURITIZADORA S.A.;1ª;222ª;CRA02400AHV;16/11/2029;DI + 1,1%;2,0128;1,0414;1,5469;0,17;1060,50255771;98,84;664,57;;
13/05/2026;ALIANSCE SONAE SHOPPING CENTERS S.A.;OPEA SECURITIZADORA S/A;2ª;134ª;23B0587522;18/03/2030;DI + 1,2%;;;0,6405;0;1024,21258401;101,46;661,71;;
13/05/2026;VAMOS LOCAÇÃO DE CAMINHÕES, MÁQUINAS E EQUIPAMENTOS S.A.;ECO SECURITIZADORA DE DIREITOS CREDITÓRIOS DO AGRONEGÓCIO S.A.;2ª;233ª;CRA023000MC;15/01/2030;DI + 1,2%;;3,345;4,631;1,47;1367,33052144;88,56;918;;
13/05/2026;JSL S.A.;ECO SECURITIZADORA DE DIREITOS CREDITÓRIOS DO AGRONEGÓCIO S.A.;3ª;309ª;CRA024001P7;17/02/2031;DI + 1,2%;;3,425;5,8465;1,75;910,87268167;88,07;703,05;;
13/05/2026;SLC MÁQUINAS LTDA.;OPEA SECURITIZADORA S/A;2ª;93ª;CRA024007Q4;15/08/2031;DI + 1,2%;1,8735;0,8949;1,2924;0,16;1031,66898016;99,74;716,96;;
13/05/2026;LOCALIZA RENT A CAR S.A.;RIZA SECURITIZADORA S.A.;1ª;89ª;23C0247388;10/03/2028;DI + 1,25%;0,6666;;0,4543;0,23;1038,98291442;101,29;409,13;;
13/05/2026;JSL S.A.;OPEA SECURITIZADORA S/A;1ª;187ª;23I1211962;15/09/2028;DI + 1,25%;;;;;;;;;
13/05/2026;MOVIDA PARTICIPAÇÕES S.A.;OPEA SECURITIZADORA S/A;1ª;159ª;23F1513923;15/06/2026;DI + 1,3%;;;;;;;;;
13/05/2026;DIMED S.A.;OPEA SECURITIZADORA S/A;1ª;155ª;23G0009601;27/07/2028;DI + 1,3%;;0,0916;0,2866;0,04;1054,05917634;101,09;271,82;;
13/05/2026;TRISUL S.A.;RIZA SECURITIZADORA S.A.;1ª;193ª;24H1685086;25/02/2030;DI + 1,35%;;;;;;;;;
13/05/2026;LOCALIZA RENT A CAR S.A.;RIZA SECURITIZADORA S.A.;2ª;89ª;23C0247702;11/03/2030;DI + 1,4%;;;0,6598;0,19;1048,4553232;102,19;745,19;;35%
13/05/2026;IRANI PAPEL E EMBALAGEM S.A.;ECO SECURITIZADORA DE DIREITOS CREDITÓRIOS DO AGRONEGÓCIO S.A.;1ª;194ª;CRA022008NF;16/08/2027;DI + 1,4%;1,5924;0,5935;1,1663;0,09;1037,56866426;100,27;290,35;;
13/05/2026;INTEGRADA COOPERATIVA AGROINDUSTRIAL;ECO SECURITIZADORA DE DIREITOS CREDITÓRIOS DO AGRONEGÓCIO S.A.;1ª;224ª;CRA023002GX;15/05/2028;DI + 1,4%;2,6;0,6969;1,3578;0,02;698,03286961;100,03;207,11;;
13/05/2026;;TRUE SECURITIZADORA S/A;1ª;49ª;22E1321748;15/07/2027;DI + 1,45%;;;;;;;;;
13/05/2026;MOVIDA PARTICIPAÇÕES S.A.;OPEA SECURITIZADORA S/A;1ª;193ª;23J1127308;16/10/2028;DI + 1,45%;;;4,5399;0,64;949,53377058;93,94;523,74;;
13/05/2026;HAVAN S.A.;OPEA SECURITIZADORA S/A;463ª;1ª;22C1235206;27/04/2027;DI + 1,5%;1,0874;0,7624;0,9133;0,02;1011,7428196;100,51;222,11;;
13/05/2026;MOVIDA PARTICIPAÇÕES S.A.;OPEA SECURITIZADORA S/A;2ª;159ª;23F1514014;16/06/2028;DI + 1,5%;;2,9537;4,0324;1,08;1017,72780151;95,78;439,55;;
13/05/2026;FS AGRISOLUTIONS INDÚSTRIA DE BIOCOMBUSTÍVEIS LTDA.;ECO SECURITIZADORA DE DIREITOS CREDITÓRIOS DO AGRONEGÓCIO S.A.;1ª;167ª;CRA022004SC;15/05/2026;DI + 1,5%;5,9787;4,4074;5,0205;1,23;537,32915932;99,97;2;;
13/05/2026;NEOMILLE S.A.;ECO SECURITIZADORA DE DIREITOS CREDITÓRIOS DO AGRONEGÓCIO S.A.;1ª;206ª;CRA0220080Y;03/04/2028;DI + 1,5%;2,0409;0,8109;1,481;0,04;406,87355419;100,03;330,74;;
13/05/2026;MARFRIG GLOBAL FOODS S.A.;ECO SECURITIZADORA DE DIREITOS CREDITÓRIOS DO AGRONEGÓCIO S.A.;2ª;273ª;CRA02300G7E;15/08/2028;DI + 1,5%;2,0149;1,5816;1,6561;0,13;1031,96819222;99,71;484,68;;
13/05/2026;MINERVA S.A.;RIZA SECURITIZADORA S.A.;1ª;179ª;CRA02300MJ9;15/09/2028;DI + 1,5%;;1,1821;1,905;0,94;1015,58927337;99,2;505,64;;
13/05/2026;LAR COOPERATIVA AGROINDUSTRIAL;ECO SECURITIZADORA DE DIREITOS CREDITÓRIOS DO AGRONEGÓCIO S.A.;2ª;319ª;CRA024003UY;16/04/2029;DI + 1,55%;2,1339;1,1339;1,5364;0,2;1011,14314492;100,03;505,89;;
13/05/2026;VICUNHA TÊXTIL S.A.;RIZA SECURITIZADORA S.A.;1ª;186ª;CRA0240020A;15/02/2029;DI + 1,6%;;;4,1243;0,48;979,60548925;94,62;565,45;;
13/05/2026;DIAGNÓSTICAS DA AMÉRICA S.A.;VERT COMPANHIA SECURITIZADORA;1ª;124ª;24A2720884;15/01/2029;DI + 1,63%;5,9214;3,6291;5,5061;0,25;967,90632415;92,23;541,33;;
13/05/2026;ÂNIMA HOLDING S.A.;RIZA SECURITIZADORA S.A.;1ª;76ª;22L1465644;15/12/2027;DI + 1,65%;1,8216;1,2625;1,6341;0,14;1011,17390602;100,02;353,82;;
13/05/2026;J. MACÊDO S.A.;RIZA SECURITIZADORA S.A.;1ª;166ª;CRA0230073L;17/04/2028;DI + 1,65%;1,3666;0,5162;0,734;0,02;906,4486705;100,87;241,88;;
13/05/2026;TRISUL S.A.;TRUE SECURITIZADORA S/A;1ª;85ª;22J0000801;15/12/2027;DI + 1,7%;;;;;;;;;
13/05/2026;LOG COMMERCIAL PROPERTIES E PARTICIPAÇÕES S.A.;OPEA SECURITIZADORA S/A;1ª;167ª;23F0012002;26/06/2028;DI + 1,7%;1,0199;0,6319;0,8433;0,08;1027,59285836;100,84;249,91;;
13/05/2026;UNIDAS LOCAÇÕES E SERVIÇOS S.A.;OPEA SECURITIZADORA S/A;1ª;121ª;CRA02300VBT;15/12/2028;DI + 1,7%;1,8189;0,35;1,1966;0,29;1074,49821483;101,04;528,23;;
13/05/2026;IRANI PAPEL E EMBALAGEM S.A.;ECO SECURITIZADORA DE DIREITOS CREDITÓRIOS DO AGRONEGÓCIO S.A.;2ª;194ª;CRA022008NH;15/08/2029;DI + 1,75%;1,55;0,45;1,0297;0,32;1052,31678979;101,61;568,03;;
13/05/2026;VALE DO PONTAL AÇÚCAR E ETANOL S.A.;ECO SECURITIZADORA DE DIREITOS CREDITÓRIOS DO AGRONEGÓCIO S.A.;1ª;234ª;CRA0230012X;17/02/2031;DI + 1,8%;3,0912;2,1129;2,4855;0,35;1014,18859985;97,92;786,81;;
13/05/2026;CEREAL COMÉRCIO EXPORTAÇÃO E REPRESENTAÇÃO AGROPECUÁRIA S.A.;RIZA SECURITIZADORA S.A.;1ª;183ª;CRA0240005N;15/01/2029;DI + 1,8%;2,4208;1,1842;1,7241;0,33;1051,13960698;100,11;359,24;;
13/05/2026;PATRIMAR ENGENHARIA S.A.;RIZA SECURITIZADORA S.A.;1ª;212ª;24K0003002;23/11/2029;DI + 1,95%;3,3437;2,7687;3,0082;0,14;1048,40497253;97,63;583,42;;
13/05/2026;CAPAL COOPERATIVA AGROINDUSTRIAL;OPEA SECURITIZADORA S/A;1ª;114ª;CRA02300Q8I;17/05/2029;DI + 1,95%;2,3229;1,0274;1,6325;0,03;811,122208;100,4;319,81;;
13/05/2026;BR PROPERTIES S.A.;OPEA SECURITIZADORA S/A;1ª;179ª;23H1023846;15/08/2031;DI + 2%;1,5099;1,1216;1,345;0,05;967,6102603;101,88;729,46;;
13/05/2026;PATRIMAR ENGENHARIA S.A.;RIZA SECURITIZADORA S.A.;1ª;121ª;23J1333602;20/10/2028;DI + 2%;;3,8;4,4644;1,06;978,96413383;96,99;320,61;;
13/05/2026;USINA BATATAIS S.A.;RIZA SECURITIZADORA S.A.;1ª;101ª;CRA022001P6;20/04/2028;DI + 2%;2,0689;0,6289;1,3318;0,09;1019,20752887;101,11;421,77;;
13/05/2026;VICUNHA TÊXTIL S.A.;RIZA SECURITIZADORA S.A.;2ª;123ª;CRA022008C2;16/08/2027;DI + 2%;3,7332;3,0499;3,349;1,3;1026,6566982;99,08;177,4;;
13/05/2026;FS INDÚSTRIA DE BIOCOMBUSTÍVEIS LTDA.;ECO SECURITIZADORA DE DIREITOS CREDITÓRIOS DO AGRONEGÓCIO S.A.;2ª;310ª;CRA024000B7;15/07/2030;DI + 2%;6,0599;;5,128;1,34;922,83658258;91,26;755,05;;
13/05/2026;GJA INDÚSTRIAS S.A.;RIZA SECURITIZADORA S.A.;1ª;171ª;CRA02300BQD;16/07/2029;DI + 2,25%;5,8487;3,9658;4,8863;2,57;738,55910846;97,37;261,76;;
13/05/2026;Integrada Cooperativa Agroindustrial;ECO SECURITIZADORA DE DIREITOS CREDITÓRIOS DO AGRONEGÓCIO S.A.;2ª;378ª;CRA025000MJ;15/05/2029;DI + 2,35%;3,0;1,5;2,2713;0,03;1080,17857328;100,09;305,61;;
13/05/2026;LAR COOPERATIVA AGROINDUSTRIAL;HABITASEC SECURITIZADORA S.A.;2ª;17ª;22L1212138;19/12/2034;DI + 2,45%;2,4212;1,6;2,1559;0,02;917,10692034;100,87;759,75;;
13/05/2026;FLORA PRODUTOS DE HIGIENE E LIMPEZA S.A.;OPEA SECURITIZADORA S/A;1ª;71ª;CRA02300KZL;15/10/2029;DI + 2,5%;;0,7149;0,9237;0,38;806,48627161;102,51;404,36;;
13/05/2026;FS INDÚSTRIA DE BIOCOMBUSTÍVEIS LTDA.;ECO SECURITIZADORA DE DIREITOS CREDITÓRIOS DO AGRONEGÓCIO S.A.;1ª;243ª;CRA02300795;15/10/2029;DI + 2,9%;6,5369;4,375;5,6599;0,31;944,7587339;93,37;648,65;;
13/05/2026;FS INDÚSTRIA DE BIOCOMBUSTÍVEIS LTDA.;ECO SECURITIZADORA DE DIREITOS CREDITÓRIOS DO AGRONEGÓCIO S.A.;1ª;264ª;CRA02300CCH;17/12/2029;DI + 2,9%;5,9842;4,0362;5,3464;0,08;949,94070136;93,88;672,58;;
13/05/2026;CENTRAL CRESOL BASER;ECO SECURITIZADORA DE DIREITOS CREDITÓRIOS DO AGRONEGÓCIO S.A.;1ª;174ª;CRA0220099D;15/12/2027;DI + 2,95%;2,0;0,8029;1,2951;0,06;361,76446374;101,57;242,54;;
13/05/2026;OLFAR S.A.;RIZA SECURITIZADORA S.A.;1ª;158ª;CRA023003JX;15/03/2029;DI + 3%;2,9187;1,4437;2,1904;0,19;876,61348779;101,07;340,37;;
13/05/2026;DISTRIBUIDORA DE PRODUTOS DE PETRÓLEO CHARRUA LTDA.;OPEA SECURITIZADORA S/A;1ª;145ª;CRA0240086H;23/08/2029;DI + 3%;3,4899;3,0099;3,0906;0,11;1006,57224264;99,8;566,14;;
13/05/2026;FS FLORESTAL S.A.;ECO SECURITIZADORA DE DIREITOS CREDITÓRIOS DO AGRONEGÓCIO S.A.;2ª;384ª;CRA0250012Y;17/03/2031;DI + 3%;5,3282;4,4641;4,9976;0,78;949,77450368;93,86;824,13;;
13/05/2026;FLORA PRODUTOS DE HIGIENE E LIMPEZA S.A.;RIZA SECURITIZADORA S.A.;1ª;99ª;CRA022002H1;17/03/2027;DI + 3,25%;;;;;;;;;
13/05/2026;FARMACIA E DROGARIA NISSEI S.A.;OPEA SECURITIZADORA S/A;1ª;120ª;23F0012602;22/06/2028;DI + 3,5%;;3,1169;3,1435;0,24;710,84162354;100,34;247,15;;5%
13/05/2026;MADERO INDÚSTRIA E COMÉRCIO S.A.;ECO SECURITIZADORA DE DIREITOS CREDITÓRIOS DO AGRONEGÓCIO S.A.;2ª;141ª;CRA022000RU;15/03/2027;DI + 3,5%;4,8699;;3,645;0,42;258,80008939;99,94;101,31;;
13/05/2026;USINA SANTA FÉ S.A.;ECO SECURITIZADORA DE DIREITOS CREDITÓRIOS DO AGRONEGÓCIO S.A.;1ª;313ª;CRA024002MM;17/12/2029;DI + 4%;4,6912;1,9662;3,3047;0,25;1022,97411537;101,03;384,45;;
13/05/2026;FRIGOL III;RIZA SECURITIZADORA S.A.;1ª;217ª;CRA024008SP;15/10/2030;DI + 4%;;;;;;;;;
13/05/2026;USINA CORURIPE AÇÚCAR E ÁLCOOL S.A.;ECO SECURITIZADORA DE DIREITOS CREDITÓRIOS DO AGRONEGÓCIO S.A.;5ª;373ª;CRA02400ECU;25/11/2030;DI + 4,1%;5,0;4,3318;4,63;0,26;5649,63203292;99,13;434,61;;
13/05/2026;PISANI PLÁSTICOS S.A.;ECO SECURITIZADORA DE DIREITOS CREDITÓRIOS DO AGRONEGÓCIO S.A.;1ª;228ª;CRA023001JL;20/02/2029;DI + 5%;;;4,1605;0,25;642,6499139;100,95;298,47;;
13/05/2026;MINERVA S.A.;RIZA SECURITIZADORA S.A.;2ª;14ª;CRA020001E5;15/05/2026;DI + 5,4%;;;3,1299;0,6;1094,46764329;100,02;2;;
13/05/2026;TECSOIL AUTOMAÇÃO E SISTEMAS S.A.;OPEA SECURITIZADORA S/A;1ª;113ª;CRA02300KOH;16/10/2028;DI + 5,5%;3,8892;1,9333;2,9836;0,22;866,2938392;102,56;265,3;;
13/05/2026;KLABIN S.A.;VERT COMPANHIA SECURITIZADORA;1ª;30ª;CRA019003JY;15/06/2029;IPCA + 3,5%;8,3024;7,588;7,9071;0,09;1383,90171187;92,19;487,76;15/08/2028;
13/05/2026;RAÍZEN ENERGIA S.A.;OPEA SECURITIZADORA S/A;2ª;6ª;CRA019003V3;16/07/2029;IPCA + 3,602%;;;;;633,77178506;43,26;;15/08/2028;
13/05/2026;M. DIAS BRANCO S.A. INDÚSTRIA E COMÉRCIO DE ALIMENTOS;RIZA SECURITIZADORA S.A.;1ª;25ª;CRA021000MG;15/03/2028;IPCA + 3,7992%;8,654;8,2959;8,4867;0,14;1254,07199781;92,45;447,68;15/08/2028;
13/05/2026;M. DIAS BRANCO S.A. INDÚSTRIA E COMÉRCIO DE ALIMENTOS;RIZA SECURITIZADORA S.A.;2ª;25ª;CRA021000MH;15/03/2031;IPCA + 4,1369%;8,7672;8,3913;8,5574;0,15;1173,00166638;86,43;877,98;15/08/2030;
13/05/2026;COCAL COMÉRCIO INDÚSTRIA CANAÃ AÇÚCAR E ÁLCOOL LTDA.;RIZA SECURITIZADORA S.A.;2ª;23ª;CRA02100002;15/02/2028;IPCA + 4,2095%;10,9271;8,7701;9,5617;0,14;806,49778613;95,85;211,4;15/05/2027;
13/05/2026;SÃO SALVADOR ALIMENTOS S.A.;RIZA SECURITIZADORA S.A.;1ª;17ª;CRA020003K0;16/11/2026;IPCA + 4,4462%;11,6707;10,3506;10,9619;0,51;458,14102975;96,95;129;15/08/2026;
13/05/2026;COLOMBO AGROINDÚSTRIA S.A.;ECO SECURITIZADORA DE DIREITOS CREDITÓRIOS DO AGRONEGÓCIO S.A.;1ª;82ª;CRA021000MB;15/03/2027;IPCA + 4,4474%;11,0638;9,2933;10,1986;0,28;647,98529755;95,71;206,31;15/05/2027;
13/05/2026;MARFRIG GLOBAL FOODS S.A.;OPEA SECURITIZADORA S/A;1ª;16ª;CRA021001PQ;15/07/2028;IPCA + 4,5%;11,0175;10,4885;10,7223;0,16;1175,52246393;88,78;517,36;15/08/2028;
13/05/2026;KLABIN S.A.;VERT COMPANHIA SECURITIZADORA;2ª;26ª;CRA019001E7;15/03/2029;IPCA + 4,5081%;8,2591;7,5446;7,8922;0,1;1392,50171529;94,54;440,97;15/08/2028;
13/05/2026;MARFRIG GLOBAL FOODS S.A.;OPEA SECURITIZADORA S/A;2ª;16ª;CRA021001VA;15/07/2031;IPCA + 4,6%;11,1021;10,5976;10,7438;0,01;1071,59577661;80,91;924,51;15/08/2030;
13/05/2026;ALIANSCE SONAE SHOPPING CENTERS S.A.;RB CAPITAL INVESTIMENTOS DTVM LTDA;347ª;1ª;21G0065100;17/07/2028;IPCA + 4,6197%;9,1047;8,3884;8,756;0,37;1212,57140907;92,33;517,99;15/08/2028;
13/05/2026;BRF S.A.;VERT COMPANHIA SECURITIZADORA;1ª;60ª;CRA0210013B;15/05/2031;IPCA + 4,7843%;10,6003;9,6877;9,9932;0,4;1098,95758103;81,01;1082,45;15/05/2031;
13/05/2026;COMPANHIA DE LOCAÇÃO DAS AMÉRICAS;ECO SECURITIZADORA DE DIREITOS CREDITÓRIOS DO AGRONEGÓCIO S.A.;1ª;104ª;CRA021001KB;15/07/2031;IPCA + 4,825%;9,3643;8,1985;8,7921;0,37;1160,29797624;87,13;927,6;15/08/2030;
13/05/2026;IPIRANGA PRODUTOS DE PETRÓLEO S.A.;VERT COMPANHIA SECURITIZADORA;1ª;63ª;CRA021002SO;15/09/2028;IPCA + 4,8287%;8,4068;8,0478;8,2125;0,14;1211,97347746;93,19;559,2;15/08/2028;
13/05/2026;DIRECIONAL ENGENHARIA S.A.;OPEA SECURITIZADORA S/A;371ª;1ª;21D0737500;17/04/2028;IPCA + 4,8444%;8,8802;8,4959;8,8301;0,26;849,80778268;95,05;341,25;15/05/2027;
13/05/2026;REDE D'OR SÃO LUIZ S.A.;OPEA SECURITIZADORA S/A;324ª;1ª;21D0862572;15/05/2036;IPCA + 4,9347%;8,6953;;8,2875;0,03;1093,7670203;80,13;1739,5;15/05/2035;
13/05/2026;OLFAR S.A.;ECO SECURITIZADORA DE DIREITOS CREDITÓRIOS DO AGRONEGÓCIO S.A.;1ª;84ª;CRA021000XD;15/05/2026;IPCA + 5,1314%;;11,1464;11,7281;0,19;192,02725503;99,95;2;15/08/2026;
13/05/2026;SENDAS DISTRIBUIDORA S.A.;OPEA SECURITIZADORA S/A;428ª;1ª;21H1078699;16/10/2028;IPCA + 5,1531%;11,8297;10,9309;11,6287;0,49;1112,75282338;87,2;576,18;15/08/2028;
13/05/2026;SENDAS DISTRIBUIDORA S.A.;OPEA SECURITIZADORA S/A;429ª;1ª;21H1078700;15/10/2031;IPCA + 5,2662%;12,3279;11,0038;12,0276;0,27;1000,49623955;78,4;972,38;15/08/2030;
13/05/2026;BRF S.A.;VERT COMPANHIA SECURITIZADORA;1ª;46ª;CRA020002GZ;15/07/2027;IPCA + 5,3%;11,0743;9,4368;10,6516;0,43;1369,40346599;94,56;284,32;15/05/2027;
13/05/2026;CONSTRUTORA TENDA S.A.;OPEA SECURITIZADORA S/A;378ª;1ª;21D0694886;17/04/2028;IPCA + 5,3621%;11,4978;;11,2427;0,09;830,32262772;92,84;342,78;15/05/2027;
13/05/2026;PETROBRAS DISTRIBUIDORA S.A.;RIZA SECURITIZADORA S.A.;1ª;43ª;CRA021002NF;15/09/2031;IPCA + 5,3995%;9,6231;8,7619;9,0555;0,23;1170,99996362;87,87;947,71;15/08/2030;
13/05/2026;RAÍZEN ENERGIA S.A.;OPEA SECURITIZADORA S/A;1ª;10ª;CRA020001P7;15/06/2027;IPCA + 5,4%;;;;;591,58118214;41,57;;15/05/2027;
13/05/2026;MINERVA S.A.;RIZA SECURITIZADORA S.A.;1ª;39ª;CRA021000RX;17/04/2028;IPCA + 5,5034%;10,6308;10,2739;10,5684;0,88;1231,56028804;91,73;463,5;15/08/2028;
13/05/2026;LOG COMMERCIAL PROPERTIES E PARTICIPAÇÕES S.A.;RIZA SECURITIZADORA S.A.;362ª;4ª;21I0278118;15/09/2028;IPCA + 5,5212%;10,6004;10,2472;10,365;0,19;920,70386277;94,46;316,3;15/05/2027;
13/05/2026;REDE D'OR SÃO LUIZ S.A.;OPEA SECURITIZADORA S/A;396ª;1ª;21K0001806;15/12/2031;IPCA + 5,5758%;8,5736;8,2439;8,3971;0,1;1153,83094084;90,06;993,92;15/08/2030;
13/05/2026;MINERVA S.A.;RIZA SECURITIZADORA S.A.;39ª;2ª;CRA021000RY;15/04/2031;IPCA + 5,578%;9,1602;8,6197;9,0989;0,38;1196,78396244;89,13;878,29;15/08/2030;
13/05/2026;BRF S.A.;VERT COMPANHIA SECURITIZADORA;2ª;46ª;CRA020002H1;15/07/2030;IPCA + 5,6%;10,9053;10,0405;10,2364;0,44;1282,50901885;88,48;712,24;15/05/2029;35%
13/05/2026;NORSA REFRIGERANTES S.A.;RIZA SECURITIZADORA S.A.;1ª;95ª;CRA022002Y1;15/03/2027;IPCA + 5,685%;8,9592;8,6152;8,8699;0,23;591,26911507;97,61;205,63;15/05/2027;
13/05/2026;VAMOS LOCAÇÃO DE CAMINHÕES, MÁQUINAS E EQUIPAMENTOS S.A.;ECO SECURITIZADORA DE DIREITOS CREDITÓRIOS DO AGRONEGÓCIO S.A.;1ª;54ª;CRA020001US;15/06/2027;IPCA + 5,7%;;;15,7089;4,58;926,32837144;95,12;136,53;15/08/2026;
13/05/2026;VAMOS LOCAÇÃO DE CAMINHÕES, MÁQUINAS E EQUIPAMENTOS S.A.;ECO SECURITIZADORA DE DIREITOS CREDITÓRIOS DO AGRONEGÓCIO S.A.;1ª;81ª;CRA020003PY;18/11/2030;IPCA + 5,7315%;13,067;12,033;13,0226;1,17;1163,48422635;81,46;763,59;15/05/2029;35%
13/05/2026;ULTRA SOM SERVIÇOS MÉDICOS S.A.;RIZA SECURITIZADORA S.A.;378ª;4ª;21K0001812;15/12/2031;IPCA + 5,7505%;16,8522;14,1319;16,3462;1,02;849,66063995;66,6;1043,02;15/05/2031;
13/05/2026;CARAMURU ALIMENTOS S.A.;ECO SECURITIZADORA DE DIREITOS CREDITÓRIOS DO AGRONEGÓCIO S.A.;1ª;115ª;CRA021002YA;15/09/2027;IPCA + 5,7641%;12,9398;10,5881;11,9061;0,2;489,07647679;95,51;203,44;15/05/2027;
13/05/2026;RAÍZEN ENERGIA S.A.;TRUE SECURITIZADORA S/A;2ª;10ª;CRA020001P8;17/06/2030;IPCA + 5,8%;;;;;620,45238036;43,57;;15/05/2029;35%
13/05/2026;REDE D'OR SÃO LUIZ S.A.;OPEA SECURITIZADORA S/A;508ª;1ª;22D1289007;15/06/2029;IPCA + 5,83%;8,5765;8,2342;8,4005;0,09;1131,66209516;93,53;700,6;15/05/2029;
13/05/2026;CYRELA BRAZIL REALTY S.A.;OPEA SECURITIZADORA S/A;490ª;1ª;22D1289010;15/06/2027;IPCA + 5,9068%;8,5198;8,0814;8,3396;0,14;1198,86645764;97,67;261,55;15/05/2027;
13/05/2026;NORSA REFRIGERANTES S.A.;RIZA SECURITIZADORA S.A.;2ª;95ª;CRA022002Y2;15/03/2029;IPCA + 5,9169%;9,4632;8,6854;8,7274;0,14;1144,74186357;94,45;547,67;15/08/2028;
13/05/2026;JBS S.A.;RIZA SECURITIZADORA S.A.;2ª;98ª;CRA022002XM;15/04/2032;IPCA + 5,9626%;9,7768;7,9315;8,8705;0,12;1068,8970943;89,11;1066,1;15/05/2031;
13/05/2026;IPIRANGA PRODUTOS DE PETRÓLEO S.A.;VERT COMPANHIA SECURITIZADORA;1ª;72ª;CRA022006N5;15/06/2032;IPCA + 6,0053%;8,3118;8,0207;8,1463;0,07;1109,14467448;91,76;1077,2;15/05/2031;
13/05/2026;REDE D'OR SÃO LUIZ S.A.;OPEA SECURITIZADORA S/A;509ª;1ª;22D1289008;15/06/2032;IPCA + 6,01%;9,0116;8,3355;8,7493;0,42;1085,15827165;89,63;1073,47;15/05/2031;
13/05/2026;NORSA REFRIGERANTES S.A.;RIZA SECURITIZADORA S.A.;3ª;95ª;CRA022002Y3;15/03/2032;IPCA + 6,0392%;8,9919;;8,4949;0,22;1101,72358543;90,89;1045,55;15/05/2031;
13/05/2026;JBS S.A.;RIZA SECURITIZADORA S.A.;3ª;98ª;CRA022002XN;15/04/2037;IPCA + 6,0953%;9,4838;8,0945;8,7041;0,11;1002,06695592;83,53;1832,92;15/05/2037;
13/05/2026;REDE D'OR SÃO LUIZ S.A.;OPEA SECURITIZADORA S/A;397ª;1ª;21K0001807;15/12/2036;IPCA + 6,1017%;8,7834;8,058;8,3666;0,16;1104,97844587;86,08;1759,72;15/05/2035;
13/05/2026;PETRÓLEO BRASILEIRO S.A. - PETROBRAS;OPEA SECURITIZADORA S/A;1ª;67ª;22K0001201;15/04/2030;IPCA + 6,2%;7,9457;7,5796;7,7786;0,12;1128,95608943;94,89;894,24;15/08/2030;
13/05/2026;REDE D'OR SÃO LUIZ S.A.;OPEA SECURITIZADORA S/A;2ª;176ª;23H0027403;15/08/2030;IPCA + 6,2%;8,8773;8,2619;8,496;0,12;1064,85803328;92,34;935,64;15/08/2030;
13/05/2026;PETRÓLEO BRASILEIRO S.A. - PETROBRAS;OPEA SECURITIZADORA S/A;2ª;67ª;22K0001203;16/11/2032;IPCA + 6,25%;8,135;;7,7489;0,11;1131,14151754;92,79;1339,45;15/08/2032;
13/05/2026;HYPERA S.A.;OPEA SECURITIZADORA S/A;2ª;59ª;22E1325262;15/08/2029;IPCA + 6,279%;8,9433;8,5806;8,77;0,05;1120,2342761;93,42;738,68;15/05/2029;
13/05/2026;J. MACÊDO S.A.;ECO SECURITIZADORA DE DIREITOS CREDITÓRIOS DO AGRONEGÓCIO S.A.;1ª;111ª;CRA021002YF;16/11/2026;IPCA + 6,3071%;11,785;10,0813;10,52;0,16;209,96419315;99,01;64,44;15/08/2026;
13/05/2026;CAMIL ALIMENTOS S.A.;ECO SECURITIZADORA DE DIREITOS CREDITÓRIOS DO AGRONEGÓCIO S.A.;2ª;292ª;CRA02300S35;18/11/2030;IPCA + 6,3416%;10,6304;10,0597;10,4324;0,13;1019,66572029;87,77;864,14;15/08/2030;
13/05/2026;MATEUS SUPERMERCADOS S.A.;OPEA SECURITIZADORA S/A;1ª;3ª;22C1362141;17/07/2034;IPCA + 6,3423%;11,4987;10,7498;11,3196;0,26;836,41378836;85,84;810,84;15/08/2030;
13/05/2026;YDUQS PARTICIPAÇÕES S.A.;OPEA SECURITIZADORA S/A;3ª;197ª;23J1142506;15/10/2030;IPCA + 6,3584%;;8,7829;9,1357;0,16;1036,10573219;91,41;874,75;15/08/2030;
13/05/2026;CSN CIMENTOS S.A.;RIZA SECURITIZADORA S.A.;417ª;4ª;22B0004808;16/02/2032;IPCA + 6,3893%;14,0578;12,9713;13,6905;0,15;952,10208328;76,58;994,71;15/08/2030;
13/05/2026;JBS S.A.;RIZA SECURITIZADORA S.A.;2ª;122ª;CRA022008N6;15/09/2032;IPCA + 6,3919%;9,9755;9,1417;9,3069;0,23;1064,22208376;88,54;1125,43;15/05/2031;
13/05/2026;PETRÓLEO BRASILEIRO S.A. - PETROBRAS;OPEA SECURITIZADORA S/A;3ª;67ª;22K0001204;16/11/2037;IPCA + 6,4%;;;;;;;;15/05/2037;
13/05/2026;CIDADE MARAVILHOSA INDÚSTRIA E COMÉRCIO DE ROUPAS S.A.;RIZA SECURITIZADORA S.A.;3ª;138ª;24B0013203;15/02/2030;IPCA + 6,4%;10,1151;9,7002;9,9264;0,22;1023,81792294;90,92;732,32;15/05/2029;
13/05/2026;BANCO BTG PACTUAL S.A.;OPEA SECURITIZADORA S/A;3ª;92ª;CRA02300CYS;15/07/2033;IPCA + 6,4338%;7,5623;7,1413;7,3477;0,12;1106,39796856;95,23;1435,54;15/05/2033;
13/05/2026;HYPERA S.A.;OPEA SECURITIZADORA S/A;3ª;59ª;22E1325264;16/08/2032;IPCA + 6,4451%;8,8179;;8,6301;0,14;1096,43186766;91,4;1108,11;15/05/2031;
13/05/2026;JSL S.A.;ECO SECURITIZADORA DE DIREITOS CREDITÓRIOS DO AGRONEGÓCIO S.A.;2ª;309ª;CRA024001P6;17/02/2031;IPCA + 6,4527%;;;11,1545;0,31;977,99176144;86,74;821,84;15/08/2030;
13/05/2026;MRV ENGENHARIA E PARTICIPAÇÕES S.A.;OPEA SECURITIZADORA S/A;1ª;32ª;22E1095384;16/09/2030;IPCA + 6,4802%;11,7664;10,6142;11,7237;1,05;1028,29004897;86,67;743,52;15/05/2029;
13/05/2026;TENDA ATACADO S.A.;RIZA SECURITIZADORA S.A.;306ª;4ª;21J0001208;15/10/2026;IPCA + 6,4803%;15,2841;;14,4335;0,16;411,96664115;96,96;108;15/08/2026;
13/05/2026;DIRECIONAL ENGENHARIA S.A.;OPEA SECURITIZADORA S/A;1ª;2ª;22F0009804;15/06/2032;IPCA + 6,4899%;9,0692;8,3475;8,7091;0,27;1107,59001082;91,61;1063,5;15/05/2031;
13/05/2026;GJA INDÚSTRIAS S.A.;RIZA SECURITIZADORA S.A.;1ª;5ª;22F0009409;15/06/2029;IPCA + 6,5%;12,8632;11,7459;12,0236;0,08;1052,64295864;88,78;589,63;15/08/2028;
13/05/2026;BEM BRASIL ALIMENTOS S.A.;ECO SECURITIZADORA DE DIREITOS CREDITÓRIOS DO AGRONEGÓCIO S.A.;1ª;154ª;CRA022003JT;15/05/2029;IPCA + 6,5348%;10,1584;8,5072;9,3037;0,15;1167,82343858;95,45;455,26;15/08/2028;
13/05/2026;VAMOS LOCAÇÃO DE CAMINHÕES, MÁQUINAS E EQUIPAMENTOS S.A.;ECO SECURITIZADORA DE DIREITOS CREDITÓRIOS DO AGRONEGÓCIO S.A.;1ª;93ª;CRA022004MS;17/05/2032;IPCA + 6,5473%;14,1926;12,334;13,3672;1,23;947,39507437;77,53;1012,29;15/05/2031;
13/05/2026;REDE D'OR SÃO LUIZ S.A.;OPEA SECURITIZADORA S/A;3ª;176ª;23H0027404;15/08/2033;IPCA + 6,55%;8,5446;8,1963;8,3706;0,11;1058,45397993;91,72;1277,67;15/08/2032;
13/05/2026;RAÍZEN ENERGIA S.A.;OPEA SECURITIZADORA S/A;1ª;38ª;CRA022008NB;16/08/2032;IPCA + 6,5885%;;;;;512,48727623;42,32;;15/05/2031;
13/05/2026;MRV ENGENHARIA E PARTICIPAÇÕES S.A.;RIZA SECURITIZADORA S.A.;442ª;4ª;22B0006022;15/02/2029;IPCA + 6,5954%;10,8076;10,422;10,5252;0,26;1156,12840011;92,73;523,46;15/08/2028;
13/05/2026;JBS S.A.;RIZA SECURITIZADORA S.A.;2ª;204ª;CRA024004SA;15/05/2034;IPCA + 6,5975%;10,1301;9,3084;9,5495;0,32;959,71290967;84,76;1499,88;15/05/2033;
13/05/2026;DIAGNÓSTICOS DA AMÉRICA S.A.;VERT COMPANHIA SECURITIZADORA;2ª;94ª;22J0306937;15/10/2029;IPCA + 6,6%;14,974;12,9576;13,9429;0,16;970,38835823;81,49;768,89;15/05/2029;
13/05/2026;MARFRIG GLOBAL FOODS S.A.;ECO SECURITIZADORA DE DIREITOS CREDITÓRIOS DO AGRONEGÓCIO S.A.;3ª;273ª;CRA02300G7F;15/08/2030;IPCA + 6,6%;11,0994;10,5949;10,7134;0,15;1004,70822902;86,97;922,95;15/08/2030;
13/05/2026;COMPANHIA DE LOCAÇÃO DAS AMÉRICAS;ECO SECURITIZADORA DE DIREITOS CREDITÓRIOS DO AGRONEGÓCIO S.A.;1ª;157ª;CRA022008C7;15/09/2028;IPCA + 6,6018%;9,4698;8,6725;9,0234;0,36;1143,80801269;95,21;549,64;15/08/2028;
13/05/2026;HSL;TRUE SECURITIZADORA S/A;1ª;321ª;24E1835896;15/06/2034;IPCA + 6,6075%;;8,1566;8,1785;0,06;1059,01460468;94,63;942,41;15/08/2030;
13/05/2026;COCAL COMÉRCIO INDÚSTRIA CANAÃ AÇÚCAR E ÁLCOOL LTDA.;RIZA SECURITIZADORA S.A.;1ª;114ª;CRA022007KI;15/08/2030;IPCA + 6,6234%;11,1066;9,9442;10,5251;0,41;1071,80791476;90,12;724,01;15/05/2029;
13/05/2026;JBS S.A.;RIZA SECURITIZADORA S.A.;3ª;176ª;CRA02300JG3;16/09/2030;IPCA + 6,6441%;9,7723;7,8741;8,837;0,12;1060,33877053;92,6;948,9;15/08/2030;
13/05/2026;JBS S.A.;RIZA SECURITIZADORA S.A.;3ª;122ª;CRA022008N7;15/09/2037;IPCA + 6,6614%;9,9084;9,0049;9,2678;0,33;1005,66609763;83,64;1826,08;15/05/2037;
13/05/2026;MARFRIG GLOBAL FOODS S.A.;ECO SECURITIZADORA DE DIREITOS CREDITÓRIOS DO AGRONEGÓCIO S.A.;3ª;153ª;CRA022000XF;15/01/2032;IPCA + 6,663%;10,6993;9,9304;10,224;0,79;1108,17596073;87,85;985,16;15/08/2030;
13/05/2026;JBS S.A.;RIZA SECURITIZADORA S.A.;4ª;176ª;CRA02300JG4;15/09/2033;IPCA + 6,6634%;9,4756;8,1341;8,7731;0,27;1035,01288556;90,38;1291,03;15/08/2032;
13/05/2026;DIRECIONAL ENGENHARIA S.A.;OPEA SECURITIZADORA S/A;2ª;331ª;24F1277567;15/07/2031;IPCA + 6,6747%;9,142;8,5045;8,7207;0,25;1032,31928217;92,74;996,05;15/08/2030;
13/05/2026;REDE D'OR SÃO LUIZ S.A.;OPEA SECURITIZADORA S/A;1ª;245ª;23L1737622;15/12/2033;IPCA + 6,6941%;;8,1788;8,2399;0,16;1071,3978362;92,73;1312,93;15/08/2032;
13/05/2026;SENDAS DISTRIBUIDORA S.A.;OPEA SECURITIZADORA S/A;3ª;72ª;22G1414303;17/09/2029;IPCA + 6,7%;11,8033;11,2926;11,6488;0,33;1068,78495006;88,94;647,92;15/05/2029;
13/05/2026;RAÍZEN ENERGIA S.A.;OPEA SECURITIZADORA S/A;2ª;38ª;CRA022008ND;17/08/2037;IPCA + 6,7382%;;;;;473,00256975;39,03;;15/05/2035;
13/05/2026;SLC AGRICOLA II;RIZA SECURITIZADORA S.A.;3ª;203ª;CRA0240066J;15/07/2031;IPCA + 6,7469%;9,2247;8,7819;9,0367;0,26;1062,31223911;92,08;974,16;15/08/2030;
13/05/2026;DIAGNÓSTICOS DA AMÉRICA S.A.;VERT COMPANHIA SECURITIZADORA;3ª;94ª;22J0306938;15/10/2032;IPCA + 6,75%;14,8872;12,2274;13,6929;0,15;896,95996767;75,32;1110,98;15/05/2031;
13/05/2026;KLABIN S.A.;VERT COMPANHIA SECURITIZADORA;1ª;77ª;CRA022007EP;15/05/2034;IPCA + 6,7694%;8,1079;7,3741;7,7503;0,08;1147,17947738;94,59;1523,87;15/05/2033;
13/05/2026;JBS S.A.;RIZA SECURITIZADORA S.A.;3ª;204ª;CRA024004SB;16/05/2039;IPCA + 6,7825%;9,993;9,0245;9,3609;0,32;938,10843355;82,78;1938;15/05/2037;
13/05/2026;SEARA ALIMENTOS LTDA.;RIZA SECURITIZADORA S.A.;2ª;218ª;CRA0240086K;15/09/2034;IPCA + 6,7931%;9,7535;9,033;9,3602;0,32;943,99157694;85,99;1578,93;15/05/2035;
13/05/2026;MARFRIG GLOBAL FOODS S.A.;ECO SECURITIZADORA DE DIREITOS CREDITÓRIOS DO AGRONEGÓCIO S.A.;3ª;318ª;CRA024002ML;15/03/2034;IPCA + 6,7996%;11,0015;10,4625;10,6298;0,04;923,33832185;82,61;1344,07;15/08/2032;
13/05/2026;NATURA COSMÉTICOS S.A.;RIZA SECURITIZADORA S.A.;2ª;54ª;22I0970804;17/09/2029;IPCA + 6,8%;9,1214;8,684;8,9615;0,1;1132,93739366;94,16;754,67;15/05/2029;
13/05/2026;CAMIL ALIMENTOS S.A.;ECO SECURITIZADORA DE DIREITOS CREDITÓRIOS DO AGRONEGÓCIO S.A.;2ª;329ª;CRA0240066B;16/06/2031;IPCA + 6,8286%;;;9,0215;0,26;1040,11152295;92,44;970,39;15/08/2030;
13/05/2026;BRF S.A.;VERT COMPANHIA SECURITIZADORA;2ª;78ª;CRA0220079D;15/07/2032;IPCA + 6,8344%;11,1111;10,1275;10,5499;0,25;1054,03420268;86,4;1065,44;15/05/2031;35%
13/05/2026;SEARA ALIMENTOS LTDA.;RIZA SECURITIZADORA S.A.;3ª;218ª;CRA0240086L;15/09/2044;IPCA + 6,8408%;9,3474;8,8809;9,2308;0,55;887,4603858;80,83;2327,28;15/08/2040;
13/05/2026;SÃO SALVADOR ALIMENTOS S.A.;ECO SECURITIZADORA DE DIREITOS CREDITÓRIOS DO AGRONEGÓCIO S.A.;2ª;173ª;CRA022006HK;15/07/2030;IPCA + 6,8911%;9,6917;8,2633;8,9962;0,13;1139,00157355;94,68;703,65;15/05/2029;
13/05/2026;NATURA COSMÉTICOS S.A.;RIZA SECURITIZADORA S.A.;3ª;54ª;22I0970868;15/09/2032;IPCA + 6,9%;9,2057;8,7213;9,0572;0,12;1100,78642696;91,48;1116,47;15/05/2031;
13/05/2026;PLANO & PLANO DESENVOLVIMENTO IMOBILIÁRIO S.A.;RIZA SECURITIZADORA S.A.;2ª;180ª;24H0022052;15/08/2029;IPCA + 6,9328%;;8,8756;9,1913;0,19;1049,84411839;94,91;628,26;15/05/2029;
13/05/2026;REDE D'OR SÃO LUIZ S.A.;OPEA SECURITIZADORA S/A;2ª;245ª;23L1737623;15/12/2038;IPCA + 6,9527%;8,3221;7,8671;8,0169;0,25;1070,0185694;92,53;1955,66;15/05/2037;
13/05/2026;AÇUCAREIRA QUATÁ S.A.;OPEA SECURITIZADORA S/A;1ª;16ª;CRA021002N3;15/10/2026;IPCA + 6,9849%;11,9485;10,9931;11,3772;0,44;1242,90776667;98,29;108;15/08/2026;
13/05/2026;JBS S.A.;RIZA SECURITIZADORA S.A.;5ª;176ª;CRA02300JG5;15/09/2038;IPCA + 6,9938%;10,0839;9,0349;9,3687;0,34;966,27549707;84,34;1910,81;15/05/2037;
13/05/2026;JBS S.A.;RIZA SECURITIZADORA S.A.;4ª;204ª;CRA024004SC;16/05/2044;IPCA + 6,9947%;9,7456;8,7207;9,278;0,52;933,68328996;82,32;2230,83;15/08/2040;
13/05/2026;USINA CERRADÃO S.A.;ECO SECURITIZADORA DE DIREITOS CREDITÓRIOS DO AGRONEGÓCIO S.A.;1ª;162ª;CRA022004XY;15/05/2028;IPCA + 6,9949%;10,5042;9,87;10,0593;0,15;1192,70604255;97,43;230,34;15/05/2027;
13/05/2026;GJA INDÚSTRIAS S.A.;RIZA SECURITIZADORA S.A.;2ª;5ª;22F0009410;15/06/2032;IPCA + 7%;12,2198;;11,1564;0,22;1010,40994298;85,19;1047,05;15/05/2031;
13/05/2026;MOVIDA PARTICIPAÇÕES S.A.;OPEA SECURITIZADORA S/A;3ª;159ª;23F1519397;16/06/2028;IPCA + 7%;15,037;;13,1433;0,67;1044,59191872;89,84;481,96;15/08/2028;
13/05/2026;JHSF PARTICIPAÇÕES S.A.;OPEA SECURITIZADORA S/A;4ª;295ª;24G1674104;17/07/2034;IPCA + 7,0163%;9,0419;8,6335;8,8781;0,13;961,21904891;92,77;1078,18;15/05/2031;
13/05/2026;MARFRIG GLOBAL FOODS S.A.;ECO SECURITIZADORA DE DIREITOS CREDITÓRIOS DO AGRONEGÓCIO S.A.;1ª;219ª;CRA02200C6Y;15/10/2029;IPCA + 7,0383%;10,9993;10,4949;10,6246;0,16;1068,68298203;90,4;769,38;15/05/2029;
13/05/2026;SOROCABA REFRESCOS S.A.;ECO SECURITIZADORA DE DIREITOS CREDITÓRIOS DO AGRONEGÓCIO S.A.;2ª;342ª;CRA024007PU;15/08/2034;IPCA + 7,05%;10,0148;9,2162;9,6564;0,41;966,24946301;87,33;1401,7;15/05/2033;
13/05/2026;BCBF PARTICIPAÇÕES S.A.;RIZA SECURITIZADORA S.A.;2ª;62ª;22K0934880;17/12/2029;IPCA + 7,0913%;16,6557;14,0102;16,18;0,73;939,77709259;77,72;769,55;15/05/2029;35%
13/05/2026;AÇO VERDE DO BRASIL S.A.;RIZA SECURITIZADORA S.A.;1ª;120ª;CRA022006HE;15/06/2029;IPCA + 7,1543%;10,9375;9,7222;10,2197;0,32;1149,94639371;94,82;472,39;15/08/2028;
13/05/2026;VAMOS LOCAÇÃO DE CAMINHÕES, MÁQUINAS E EQUIPAMENTOS S.A.;ECO SECURITIZADORA DE DIREITOS CREDITÓRIOS DO AGRONEGÓCIO S.A.;3ª;233ª;CRA023000RT;15/01/2030;IPCA + 7,1638%;15,1747;14,2649;14,5099;0,13;967,47122019;81,01;791,97;15/05/2029;
13/05/2026;CARAMURU ALIMENTOS S.A.;ECO SECURITIZADORA DE DIREITOS CREDITÓRIOS DO AGRONEGÓCIO S.A.;1ª;172ª;CRA022006BU;16/07/2029;IPCA + 7,2043%;12,0021;9,8874;10,8815;0,23;898,41015531;95;378;15/05/2027;
13/05/2026;MINERVA S.A.;RIZA SECURITIZADORA S.A.;1ª;125ª;CRA0220073P;16/07/2029;IPCA + 7,2063%;10,0379;9,6968;9,7165;0,07;1127,46835622;93,7;706,52;15/05/2029;
13/05/2026;SEARA ALIMENTOS LTDA.;RIZA SECURITIZADORA S.A.;2ª;263ª;CRA025000ME;15/02/2045;IPCA + 7,2266%;;;;;;;;15/08/2040;
13/05/2026;BRF S.A.;ECO SECURITIZADORA DE DIREITOS CREDITÓRIOS DO AGRONEGÓCIO S.A.;3ª;332ª;CRA0240066K;15/06/2034;IPCA + 7,2336%;10,1925;9,2881;9,9994;0,64;980,48017629;87,1;1348,06;15/05/2033;
13/05/2026;BCBF PARTICIPAÇÕES S.A.;RIZA SECURITIZADORA S.A.;3ª;62ª;22K0934889;15/12/2034;IPCA + 7,2792%;17,5606;13,9456;17,0504;1,21;750,52859068;62,02;1299,14;15/08/2032;
13/05/2026;ZAMP S.A.;RIZA SECURITIZADORA S.A.;3ª;188ª;CRA024001QA;15/02/2029;IPCA + 7,3%;;9,3749;9,4769;0,17;1073,56626594;95,12;626,97;15/05/2029;
13/05/2026;SLC MÁQUINAS LTDA.;OPEA SECURITIZADORA S/A;3ª;93ª;CRA024007Q5;15/08/2031;IPCA + 7,31%;10,2911;9,0496;9,5689;0,15;1029,61599826;93,48;810,91;15/08/2030;
13/05/2026;MARFRIG GLOBAL FOODS S.A.;ECO SECURITIZADORA DE DIREITOS CREDITÓRIOS DO AGRONEGÓCIO S.A.;2ª;219ª;CRA02200C6Z;15/10/2032;IPCA + 7,3352%;10,8756;10,3477;10,6317;0,13;1032,50472995;87,32;1118,76;15/05/2031;
13/05/2026;AÇO VERDE DO BRASIL S.A.;RIZA SECURITIZADORA S.A.;2ª;120ª;CRA022006HF;15/06/2032;IPCA + 7,3686%;10,9256;9,4309;10,1193;0,28;1092,76716905;90,03;1036,79;15/05/2031;
13/05/2026;MARFRIG GLOBAL FOODS S.A.;ECO SECURITIZADORA DE DIREITOS CREDITÓRIOS DO AGRONEGÓCIO S.A.;3ª;369ª;CRA024009Q4;16/10/2034;IPCA + 7,3693%;9,811;9,2201;9,5499;1,14;967,36401188;89,08;1433,87;15/05/2033;
13/05/2026;SÃO CARLOS EMPREENDIMENTOS E PARTICIPAÇÕES S.A.;OPEA SECURITIZADORA S/A;1ª;50ª;22E1314836;17/09/2029;IPCA + 7,3826%;10,4951;10,1551;10,3399;0,14;1125,44070986;94,42;530,01;15/08/2028;
13/05/2026;FS AGRISOLUTIONS INDÚSTRIA DE BIOCOMBUSTÍVEIS LTDA.;ECO SECURITIZADORA DE DIREITOS CREDITÓRIOS DO AGRONEGÓCIO S.A.;2ª;140ª;CRA022001E2;15/02/2029;IPCA + 7,3913%;13,9142;12,7486;13,7233;1,05;1124,20094484;91,2;400,33;15/08/2028;
13/05/2026;FS AGRISOLUTIONS INDÚSTRIA DE BIOCOMBUSTÍVEIS LTDA.;ECO SECURITIZADORA DE DIREITOS CREDITÓRIOS DO AGRONEGÓCIO S.A.;2ª;167ª;CRA022004SD;15/05/2029;IPCA + 7,3913%;14,8761;12,5421;13,7224;0,56;1112,72145866;90,28;444,14;15/08/2028;
13/05/2026;REFRESCOS BANDEIRANTES INDÚSTRIA E COMÉRCIO LTDA.;RIZA SECURITIZADORA S.A.;2ª;226ª;CRA02400AHZ;16/11/2034;IPCA + 7,41%;10,5676;;9,9382;0,91;978,07457671;87,78;1391,87;15/05/2033;
13/05/2026;JHSF PARTICIPAÇÕES S.A.;OPEA SECURITIZADORA S/A;1ª;341ª;24J2539865;16/10/2034;IPCA + 7,4183%;9,2305;8,8174;9,0163;0,19;995,64778611;91,85;1439,67;15/05/2033;
13/05/2026;CEREAL COMÉRCIO EXPORTAÇÃO E REPRESENTAÇÃO AGROPECUÁRIA S.A.;RIZA SECURITIZADORA S.A.;2ª;183ª;CRA0240005O;15/01/2029;IPCA + 7,4367%;10,1966;8,5111;9,3784;0,12;1111,03913062;97,28;386,5;15/08/2028;
13/05/2026;NARDINI AGROINDUSTRIAL LTDA.;OPEA SECURITIZADORA S/A;1ª;36ª;CRA022004H5;15/04/2028;IPCA + 7,4986%;;;;;;;;15/05/2027;
13/05/2026;UNIDAS LOCADORA S.A.;OPEA SECURITIZADORA S/A;3ª;236ª;23L2043184;16/12/2030;IPCA + 7,5%;10,3784;9,2858;9,9182;0,1;1072,58314933;92,59;868,15;15/08/2030;
13/05/2026;MARFRIG GLOBAL FOODS S.A.;ECO SECURITIZADORA DE DIREITOS CREDITÓRIOS DO AGRONEGÓCIO S.A.;4ª;369ª;CRA024009Q5;17/10/2039;IPCA + 7,5395%;10,6858;10,1397;10,3389;0,14;884,18260721;81,41;1953,29;15/05/2037;
13/05/2026;MINERVA S.A.;RIZA SECURITIZADORA S.A.;3ª;179ª;CRA02300MOQ;16/09/2030;IPCA + 7,5408%;10,9972;9,5828;10,682;0,8;1041,03686188;90,84;836,5;15/08/2030;
13/05/2026;MOVIDA PARTICIPAÇÕES S.A.;OPEA SECURITIZADORA S/A;2ª;193ª;23J1127328;15/10/2030;IPCA + 7,5602%;;;;;;;;15/08/2030;
13/05/2026;FARO ENERGY PROJETOS SOLARES HOLDING S.A.;OPEA SECURITIZADORA S/A;1ª;202ª;23L0034761;15/12/2038;IPCA + 7,5702%;10,6518;9,8789;10,2363;0,58;983,28834261;89,46;1109,83;15/05/2031;
13/05/2026;CEREAL COMÉRCIO EXPORTAÇÃO E REPRESENTAÇÃO AGROPECUÁRIA S.A.;RIZA SECURITIZADORA S.A.;1ª;63ª;CRA021003VT;16/11/2026;IPCA + 7,5959%;11,9737;10,3927;11,3862;1,16;422,59963063;98,3;124,54;15/08/2026;
13/05/2026;ELDORADO BRASIL CELULOSE S.A.;OPEA SECURITIZADORA S/A;3ª;192ª;CRA0250080Y;17/09/2040;IPCA + 7,6%;;8,2884;8,6294;0,34;962,23515623;91,97;2183,71;15/08/2040;
13/05/2026;MOVIDA PARTICIPAÇÕES S.A.;OPEA SECURITIZADORA S/A;3ª;193ª;23J1127331;17/10/2033;IPCA + 7,7279%;;12,6874;13,0158;1,28;893,86809001;78,56;1242,66;15/05/2031;
13/05/2026;ELDORADO BRASIL CELULOSE S.A.;OPEA SECURITIZADORA S/A;2ª;192ª;CRA0250080X;17/09/2035;IPCA + 7,7281%;;8,2617;8,4362;0,32;1001,33359912;95,69;1686,06;15/05/2035;
13/05/2026;BEM BRASIL ALIMENTOS S.A.;ECO SECURITIZADORA DE DIREITOS CREDITÓRIOS DO AGRONEGÓCIO S.A.;ª;371ª;CRA02400AYK;17/11/2031;IPCA + 7,737%;10,6175;8,9104;9,8401;0,44;1018,42907505;93,01;938,71;15/08/2030;
13/05/2026; J. MACÊDO S.A.;RIZA SECURITIZADORA S.A.;2ª;166ª;CRA0230073N;15/04/2030;IPCA + 7,8%;9,6587;7,8134;8,7685;0,13;1063,59655408;98,36;464,56;15/08/2028;
13/05/2026;SEARA ;RIZA SECURITIZADORA S.A.;3ª;269ª;CRA025003PJ;17/05/2055;IPCA + 7,8%;;8,8297;9,1177;0,29;943,2975948;87,42;2662,17;15/05/2045;
13/05/2026;LAR COOPERATIVA AGROINDUSTRIAL;ECO SECURITIZADORA DE DIREITOS CREDITÓRIOS DO AGRONEGÓCIO S.A.;3ª;319ª;CRA024003UZ;15/04/2031;IPCA + 7,8363%;10,1485;9,1535;9,4961;0,19;1053,4205027;95,03;837,06;15/08/2030;
13/05/2026;LAR COOPERATIVA AGROINDUSTRIAL;ECO SECURITIZADORA DE DIREITOS CREDITÓRIOS DO AGRONEGÓCIO S.A.;1ª;120ª;CRA021004NV;15/11/2026;IPCA + 7,8749%;11,1135;10,3162;10,5175;0,5;428,51302344;98,78;124,41;15/08/2026;
13/05/2026;BRF S.A.;ECO SECURITIZADORA DE DIREITOS CREDITÓRIOS DO AGRONEGÓCIO S.A.;3ª;403ª;CRA0250066B;16/07/2035;IPCA + 7,9064%;;8,764;9,4403;1,18;968,60624383;91,27;1613,17;15/05/2035;
13/05/2026;COGNA EDUCAÇÃO S.A.;OPEA SECURITIZADORA S/A;2ª;49ª;22E1321749;16/07/2029;IPCA + 7,9273%;10,9035;9,7024;10,3252;0,18;1147,33954378;94,9;598,61;15/08/2028;
13/05/2026;CEREAL COMÉRCIO EXPORTAÇÃO E REPRESENTAÇÃO AGROPECUÁRIA S.A.;RIZA SECURITIZADORA S.A.;3ª;183ª;CRA0240005P;15/01/2031;IPCA + 7,9443%;10,2857;8,5987;9,4487;0,11;1089,44937836;95,25;883,61;15/08/2030;
13/05/2026;COGNA EDUCAÇÃO S.A.;OPEA SECURITIZADORA S/A;3ª;49ª;22E1321750;15/07/2032;IPCA + 8,0031%;10,4112;;10,2698;0,15;1108,82710096;91,69;1044,43;15/05/2031;
13/05/2026;BRF S.A.;ECO SECURITIZADORA DE DIREITOS CREDITÓRIOS DO AGRONEGÓCIO S.A.;2ª;390ª;CRA0250020C;16/04/2035;IPCA + 8,04%;10,5108;9,5812;9,9746;0,46;939,07132101;89,22;1599,59;15/05/2035;
13/05/2026;ÂNIMA HOLDING S.A.;RIZA SECURITIZADORA S.A.;2ª;76ª;22L1469805;17/12/2029;IPCA + 8,0481%;;9,4264;9,918;0,26;1129,48476958;95,45;682,34;15/05/2029;
13/05/2026;ADUBOS ARAGUAIA INDÚSTRIA E COMÉRCIO LTDA.;ECO SECURITIZADORA DE DIREITOS CREDITÓRIOS DO AGRONEGÓCIO S.A.;1ª;175ª;CRA02200795;15/07/2027;IPCA + 8,1191%;13,5757;;12,7883;0,53;1177,86497495;97,34;159,48;15/05/2027;
13/05/2026;ORIGINAL HOLDING S.A.;OPEA SECURITIZADORA S/A;3ª;126ª;22L2288690;15/04/2030;IPCA + 8,15%;;10,5843;11,057;1,2;1055,70152505;91,41;849,93;15/08/2030;
13/05/2026;BRF S.A.;ECO SECURITIZADORA DE DIREITOS CREDITÓRIOS DO AGRONEGÓCIO S.A.;3ª;390ª;CRA0250020D;16/04/2040;IPCA + 8,2345%;10,6331;9,2244;10,2064;0,61;911,44187207;86,58;1962,93;15/05/2037;
13/05/2026;MARFRIG GLOBAL FOODS S.A.;ECO SECURITIZADORA DE DIREITOS CREDITÓRIOS DO AGRONEGÓCIO S.A.;4ª;387ª;CRA0250018K;16/04/2040;IPCA + 8,2503%;10,7635;10,3263;10,6287;0,28;888,64103895;84,16;1941,67;15/05/2037;
13/05/2026;MARFRIG GLOBAL FOODS S.A;ECO SECURITIZADORA DE DIREITOS CREDITÓRIOS DO AGRONEGÓCIO S.A.;5ª;387ª;CRA0250018L;17/04/2045;IPCA + 8,3405%;;8,6055;9,7085;0,23;938,79973707;88,9;2299,91;15/08/2040;
13/05/2026;VALE DO TIJUCO AÇÚCAR E ÁLCOOL S.A.;ECO SECURITIZADORA DE DIREITOS CREDITÓRIOS DO AGRONEGÓCIO S.A.;2ª;354ª;CRA0240099F;16/10/2034;IPCA + 8,3558%;9,6175;9,3186;9,4289;0,1;1035,07104792;95,19;1253,58;15/08/2032;
13/05/2026;BRF S.A.;ECO SECURITIZADORA DE DIREITOS CREDITÓRIOS DO AGRONEGÓCIO S.A.;3ª;390ª;CRA0250020E;17/04/2045;IPCA + 8,38%;;9,1052;9,4748;0,38;957,89765487;90,99;2318,71;15/08/2040;
13/05/2026;;ECO SECURITIZADORA DE DIREITOS CREDITÓRIOS DO AGRONEGÓCIO S.A.;5ª;434ª;CRA02500BVX;15/12/2055;IPCA + 8,3857%;;8,2521;9,8959;1,3;916,86443569;86,49;2510,51;15/05/2045;
13/05/2026;Neomille S.A.;ECO SECURITIZADORA DE DIREITOS CREDITÓRIOS DO AGRONEGÓCIO S.A.;2ª;411ª;CRA025008C2;15/12/2032;IPCA + 8,4473%;;8,8935;9,362;0,37;1026,64165509;96,12;1181,72;15/08/2032;
13/05/2026;CEREAL COMÉRCIO EXPORTAÇÃO E ;RIZA SECURITIZADORA S.A.;3ª;222ª;CRA02400AHX;16/11/2034;IPCA + 8,4704%;11,0962;9,0007;10,268;0,08;1024,23994341;91,47;1352,9;15/05/2033;
13/05/2026;LAR COOPERATIVA AGROINDUSTRIAL;ECO SECURITIZADORA DE DIREITOS CREDITÓRIOS DO AGRONEGÓCIO S.A.;3ª;405ª;CRA025006NC;16/08/2032;IPCA + 8,7268%;;;9,8592;0,08;994,16817885;95,43;1132,57;15/05/2031;
13/05/2026;FS INDÚSTRIA DE BIOCOMBUSTÍVEIS LTDA.;ECO SECURITIZADORA DE DIREITOS CREDITÓRIOS DO AGRONEGÓCIO S.A.;2ª;243ª;CRA02300796;15/10/2029;IPCA + 8,9555%;14,9749;12,752;13,7686;0,2;1015,62231761;88,13;731,66;15/05/2029;35%
13/05/2026;OLFAR S.A.;RIZA SECURITIZADORA S.A.;2ª;158ª;CRA023003JY;15/03/2030;IPCA + 8,9738%;11,8949;9,611;10,8367;0,28;1118,77540761;96,57;516,64;15/08/2028;
13/05/2026;SENDAS DISTRIBUIDORA S.A.;OPEA SECURITIZADORA S/A;2ª;192ª;23F2455004;15/07/2027;;;16,7067;18,6451;0,27;970,1785793;93,7;273,56;;
13/05/2026;YDUQS PARTICIPAÇÕES S.A.;OPEA SECURITIZADORA S/A;1ª;197ª;23J1141681;16/10/2028;;;;14,5672;0,42;947,3897826;94,01;544,71;;
13/05/2026;MULTIPLAN EMPREENDIMENTOS IMOBILIÁRIOS S.A.;RIZA SECURITIZADORA S.A.;3ª;123ª;23K0018801;15/01/2031;;;;14,207;0,25;954,47349255;92,33;740,55;;
13/05/2026;DIAGNÓSTICOS DA AMÉRICA S.A.;VERT COMPANHIA SECURITIZADORA;2ª;124ª;24A2715837;15/01/2029;;;17,099;18,6888;1,28;915,42112447;88,27;563,96;;
13/05/2026;DIAGNÓSTICOS DA AMÉRICA S.A;VERT COMPANHIA SECURITIZADORA;4ª;124ª;24A2721829;15/01/2031;;;17,6216;19,1732;1,33;873,66600673;84,12;785,42;;
13/05/2026;MARFRIG GLOBAL FOODS S.A.;ECO SECURITIZADORA DE DIREITOS CREDITÓRIOS DO AGRONEGÓCIO S.A.;1ª;273ª;CRA02300G7D;16/08/2027;;;;16,5407;0,47;966,7152154;94,42;296,9;;
13/05/2026;BANCO BTG PACTUAL S.A.;OPEA SECURITIZADORA S/A;4ª;106ª;CRA02300HWK;15/09/2033;;13,4339;12,896;13,2485;0,62;961,2975148;94,46;1248,95;;
13/05/2026;RAÍZEN ENERGIA S.A.;OPEA SECURITIZADORA S/A;3ª;73ª;CRA02300JR7;17/10/2033;;;;;;;;;;
13/05/2026;Vamos Locação de Caminhões, Máquinas e Equipamentos S.A.;ECO SECURITIZADORA DE DIREITOS CREDITÓRIOS DO AGRONEGÓCIO S.A.;1ª;296ª;CRA02300SUZ;15/11/2030;;;18,7777;20,1048;0,66;853,95623808;80,93;750,45;;
13/05/2026;JSL S.A.;ECO SECURITIZADORA DE DIREITOS CREDITÓRIOS DO AGRONEGÓCIO S.A.;1ª;309ª;CRA024001P5;15/02/2031;;;15,825;16,455;1,18;894,22471631;87,28;752,97;;
13/05/2026;ZAMP S.A.;RIZA SECURITIZADORA S.A.;2ª;188ª;CRA024001Q9;15/02/2029;;16,1771;15,7366;15,8678;0,6;969,74357837;94,33;585,01;;
13/05/2026;MINERVA S.A.;RIZA SECURITIZADORA S.A.;3ª;197ª;CRA024002S3;15/03/2031;;;;15,7024;1,79;907,21897621;89,13;922,63;;
13/05/2026;BRF S.A.;ECO SECURITIZADORA DE DIREITOS CREDITÓRIOS DO AGRONEGÓCIO S.A.;2ª;332ª;CRA0240066G;16/06/2031;;;;;;;;;;
13/05/2026;SLC Maquinas;OPEA SECURITIZADORA S/A;1ª;93ª;CRA024007Q3;15/08/2031;;;15,6646;16,1845;0,62;943,51436673;91,81;733,05;;
13/05/2026;MARFRIG GLOBAL FOODS S.A.;ECO SECURITIZADORA DE DIREITOS CREDITÓRIOS DO AGRONEGÓCIO S.A.;2ª;369ª;CRA024009Q3;15/10/2031;;;14,9361;16,0834;0,47;917,85014508;90,97;991,18;;
13/05/2026;REFRESCOS BANDEIRANTES INDÚSTRIA E COMÉRCIO LTDA.;RIZA SECURITIZADORA S.A.;1ª;226ª;CRA02400AHY;16/11/2032;;15,7414;15,373;15,7029;1,15;985,01579044;92,76;1000,75;;
13/05/2026;MINERVA S.A.;RIZA SECURITIZADORA S.A.;2ª;232ª;CRA02400AYM;16/11/2029;;;;;;;;;;
13/05/2026;MINERVA S.A.;RIZA SECURITIZADORA S.A.;5ª;232ª;CRA02400AYP;16/11/2034;;;15,5992;16,6976;1,33;987,10144231;92,53;1104,49;;
13/05/2026;BOA SAFRA SEMENTES S.A.;OPEA SECURITIZADORA S/A;1ª;162ª;CRA02500001;15/01/2030;;;15,1844;15,5351;0,35;1007,2075902;99,69;711,69;;
13/05/2026;FS FLORESTAL S.A.;ECO SECURITIZADORA DE DIREITOS CREDITÓRIOS DO AGRONEGÓCIO S.A.;1ª;384ª;CRA0250012X;15/03/2030;;;19,1509;19,4478;1,41;974,45771731;96,31;703,81;;5%
13/05/2026;MINERVA S.A;RIZA SECURITIZADORA S.A.;2ª;264ª;CRA025002S3;15/04/2030;;;;17,1196;0,76;973,71900586;96,36;763,32;;
13/05/2026;MINERVA S.A.;RIZA SECURITIZADORA S.A.;4ª;264ª;CRA025002S4;15/04/2032;;;;17,2164;0,78;958,81319515;94,89;1008,83;;
13/05/2026;MINERVA S.A.;RIZA SECURITIZADORA S.A.;5ª;264ª;CRA025002S5;16/04/2035;;;;17,6829;0,64;940,49665302;93,06;1171,62;;
13/05/2026;GDM GENÉTICA DO BRASIL S.A.;ECO SECURITIZADORA DE DIREITOS CREDITÓRIOS DO AGRONEGÓCIO S.A.;1ª;398ª;CRA025005EH;15/07/2032;;15,2966;14,45;14,951;0,17;1051,97661208;100,65;994,17;;
13/05/2026;MINERVA S.A.;RIZA SECURITIZADORA S.A.;3ª;272ª;CRA025005V7;15/07/2033;;;16,3244;17,1898;0,73;951,18176357;91,13;1056,43;;
13/05/2026;MINERVA S.A;RIZA SECURITIZADORA S.A.;4ª;272ª;CRA025005V8;16/07/2035;;;;17,3279;0,8;948,08369673;90,76;1166,63;;
13/05/2026;BRF S.A.;ECO SECURITIZADORA DE DIREITOS CREDITÓRIOS DO AGRONEGÓCIO S.A.;2ª;403ª;CRA0250066A;15/07/2032;;;;16,2561;0,53;961,13535367;92,24;1030,53;;
13/05/2026;LAR COOPERATIVA AGROINDUSTRIAL;ECO SECURITIZADORA DE DIREITOS CREDITÓRIOS DO AGRONEGÓCIO S.A.;2ª;405ª;CRA025006NB;16/08/2032;;;;15,5712;0,44;975,08190918;96,57;987,29;;
13/05/2026;ELDORADO BRASIL CELULOSE S.A.;OPEA SECURITIZADORA S/A;1ª;192ª;CRA025007KK;15/09/2032;;;14,7314;15,2191;0,53;978,52807348;95,88;1081,53;;
13/05/2026;São Salvador Alimentos S.A.;ECO SECURITIZADORA DE DIREITOS CREDITÓRIOS DO AGRONEGÓCIO S.A.;2ª;412ª;CRA025008ND;15/10/2033;;;;15,2318;0,59;966,30334394;95,72;1200,35;;
13/05/2026;Açucareira Quatá S.A.;ECO SECURITIZADORA DE DIREITOS CREDITÓRIOS DO AGRONEGÓCIO S.A.;1ª;416ª;CRA02500A15;15/11/2032;;;15,7225;16,0683;0,41;1008,22435687;94,87;986,09;;
